"Nom Base","Nom Local","Pays ID"
LOUXOR,alaqsr,36
ASSOUAN,aswan,36
"SAINT LOUIS",Saint-Louis,81
TCHERNIVTSI,Cernivci,70
MALINKE,"Guemou Malinke",81
"SALLE (LA)",Salle,10
ZEITENLIK,"Symmachika koimeteria Zeitenlik",8
PENZA,"gorodskoj okrug Penza",79
DONECAL,"Donecal Street",9
"SARRAZ (LA)","La Sarraz",16
SEGOVIA,Segovie,6
TOURNAI,Doornik,4
TRIENT,Trente,16
"PAZ (LA)","Paz Lane",24
IRKOUTSK,Irkutsk,79
AVIATION,"Organisation de l'Aviation Civile Internationale",86
DARTMOUTH,"Dartmouth College",41
"CUMBRECITA (LA)","Comuna de La Cumbrecita",21
MEKNES,mknas,91
"ADDIS ABEBA","ʿedisi ʿebeba",92
LEVICO,"Levico Terme",10
M'COUN,"Coun de la Cime",91
HARDANGERFJORD,Hardangerfjorden,12
VALS,Vals-les-Bains,16
"NAKA MAIZURU","wu he qiao bu dao (bei)",78
GALATZ,Galati,193
"ALSDORF (Rhénanie-du-Nord-Westphalie)",Alsdorf,2
ZELL,"Zell (Mosel)",2
"MORRA (LA)","La Morra",10
COQUIMBO,"Region de Coquimbo",29
SOUMY,Sumi,70
"FONG CHON","dong fang jin huang tai",89
BENGHAZI,bnghazy,165
BAALBEK,bʿlbk,48
TEUFEN,"Teufen (AR)",16
"HAMONT ACHEL",Hamont-Achel,4
CRESPANO,"Crespano del Grappa",10
PIVOVARNA,"Pivovarna Lasko",204
CELLAMONTE,"Strada Cellamonte",10
TOKAIDO,"guo dao1hao",78
"PREGNY CHAMBESY",Pregny-Chambesy,16
VIZELLA,"Policlinica Regional do Barreto Dr. Joao da Silva Vizella",60
OLIVE,"Town of Olive",86
IBRAHIMIEH,"fndq santa marya",36
MEDINE,"almdynt almnwrt",91
CIOCIARI,"Colle dei Ciociari",10
"OBERSAXEN MUNDAUN",Obersaxen-Mundaun,16
"NAM DINH","Tinh Nam Dinh",223
TOKYO,"dong jing dou",78
OLTINGEN,Oltingue,16
VARNA,"Vahrn - Varna",116
ROISEUX,"Porche de Roiseux",4
CELEBES,Sulawesi,150
NIS,Nisa,201
CIABOTTA,"La Ciabotta",10
GRAVENHAGE,"Den Haag",13
WAN,Van,2
NARA,nauru,78
DASOGUZ,"Dasoguz saheri",218
FETAN,Ftan,16
CHAMPEX,Champex-Lac,16
"BRIGUE GLIS",Brigue,16
KRONSTADT,Brasov,193
ZAKOPANEM,"Parafia Najswietszej Maryi Panny Niepokalanej Objawiajacej Cudowny Medalik w Zakopanem",190
PERTH,"City of Perth",105
VICH,Vic,16
VIENTIANE,ວຽງຈັນ,161
AJMAN,"amart ʿjman",132
KOWEIT,"mdynt alkwyt",160
BRIGELS,Breil/Brigels,16
HARBIN,"ha er bin shi",89
SITJES,"Joan Sitjes",6
"BRENETS (LES)","Les Brenets",16
RIJEKA,"Grad Rijeka",128
PAMPLONA,Pampelune,6
"CAP (LE)","Cape Town",96
SINGAPOUR,Singapore,202
MANAMA,almnamt,107
ALFELD,"Alfeld (Leine)",2
CADIZ,Cadix,6
QINGDAO,"qing dao shi",89
BRIENZ,"Brienz (BE)",16
PAIN,Espagne,86
TRASIMENO,"Lago Trasimeno",10
MEDEL,"Medel (Lucmagn)",16
BRISBANE,"City of Brisbane",105
LISBONNE,Lisboa,60
ZAGREB,"Grad Zagreb",128
IXELLES,Elsene,4
SOLUNTO,"Parco Archeologico di Solunto",10
SALA,"Sala kommun",10
DUBROVNIK,"Grad Dubrovnik",128
DRAGO,Luhuo;Draggo;Drago,6
"PORTO NOVO",Porto-Novo,28
"AWE (LOCH)","Loch Awe",41
NINGBO,"ning bo shi",89
MIZHENETS,Mizenec',70
KRUMPENDORF,Buteni,3
"XI AN","xi an shi",89
TUSTANOWICE,Tustanovici,70
CHUR,Coire,16
ZAKAZIK,alzqazyq,36
HENNEF,"Hennef (Sieg)",2
SALZBURG,Salzbourg,3
BUCAREST,Bucuresti,193
NAKAMAIZURU,"zhong wu he you bian ju",78
SEMEI,"Semej kˌalalykˌ əkimsiligi",156
RAISSE,"Id Raisse ad alrays",16
TRAUTENAU,Trutnov,213
TORRIGIA,"Pizzo Torrigia",10
LLANSA,"Solana d'en Llansa",6
SUEZ,alswys,36
MISSOUR,myswr,91
MAINZ,Mayence,2
FAVARA,"Fabara / Favara",10
BISERICA,"Lacustenii de Sus",193
DJIBOUTI,jybwty,129
ALCOY,"Alcoi / Alcoy",6
MARL,Mali,2
AMMAN,ʿman,155
ZIRKOWITZ,Zerkowice,190
BOKE,Bhoke,228
BUCHS,"Buchs (SG)",16
"BERG OP ZOOM","Bergen op Zoom",13
SPASSK,Spassk-Dal'nij,79
KENEH,"mhafzt qna",36
GOBI,"da ge bi",89
MONASTIR,Muristenis/Monastir,168
"RIED BRIG",Ried-Brig,16
QENA,qna,36
MAIZURU,"wu he shi",78
GIZEH,aljyzt,36
AGENAIS,Tournon-d'Agenais,87
"KI MING","han guo / nan han",89
ATH,"Athens County",4
KOMPIRA,"jin bi luo qian",78
HIROSHIMA,"guang dao shi",78
KYOTO,"jing dou shi",78
RIFFA,alrfaʿ,107
OLMUTZ,Olomouc,76
HAKONE,"xiang gen ting",78
OSAKA,"da ban shi",78
SAIGON,"Thanh pho Ho Chi Minh",223
BERLAD,Barla,193
LIPOTVAR,Leopoldov,203
LUBIANA,Ljubljana,204
"AR RIQQA",alrqt,160
GRAVOSA,Gruz,128
SCHLARIGNA,Celerina/Schlarigna,16
JEZUPOL,Ezupil',70
HALLE,"Halle (Saale)",4
GRONINGUE,Groningen,13
LEYDE,Leiden,13
BERN,Berne,16
"TAJ MAHAL","taja mahala",46
SURABAYA,"Surabaya ꦱꦸꦫꦧꦪ",150
NANKOO,"Chez Nankoo",89
BAKOU,"Baki Inzibati Ərazisi",106
CHOTEBORE,"Nova Ves u Chotebore",74
FURNES,Veurne,4
FUMAL,"Regiao Fumal",4
JAKARTA,"Daerah Khusus Ibukota Jakarta",150
MORENGES,Morigen,16
CLINTON,"Clinton County",39
BEMUDA,Bermuda,27
KURIME,"Zakladna skola v Kurime",203
ADJARA,Adjarie,35
TOLOSA,Toulouse,6
NAGYSZEBEN,Sibiu,193
"AL MUHARRAQ",almhrq,107
ALAMBICS,"Place des Alambics",86
SESTROREZK,Sestroreck,79
CHITTAGONG,cattagrama,108
POZSONY,Bratislava,203
TAFERS,Tavel,16
RIVAPIANA,"Plabach - Rivapiana",16
AJMER,ajamera,46
DUBAI,dby,132
PENANG,"Pulau Pinang",169
SANAA,"amant alʿasmt",224
DIGBY,"Town of Digby",27
PLOESTI,"Ploiesti Nord",193
EGINE,Aigina,8
"CHENE BOUGERIES",Chene-Bougeries,16
BATTA,Bata,46
SOUSSE,swst,90
STANSTED,"London Stansted Airport",41
GAND,Gent,4
OVINS,"Elevage ovins",86
BHIMDATTA,bhimadatta,181
"VAUX SUR MORGES",Vaux-sur-Morges,16
SHOREHAM,"Village of Shoreham",41
ASSCHE,Asse,4
"SAINT PIERRE (VALLEE DE)","Saint-Jean-de-Maurienne - Vallee de l'Arvan",41
"PANAMA (la ville)","Embajada de la Republica de Panama",55
LIBNE,"lomy u Libne",76
GLION,Ilanz,16
CARTAGENA,"Cartagena de Indias",29
CARTHAGENE,"Cartagena de Indias",29
MAHDIA,almhdyt,90
WELFRANGE,Welfreng,11
TAESCH,Tasch,16
"PRAIA D'ANCORA","Vila Praia de Ancora",60
HERMANNSTADT,Sibiu,193
HANOI,"Ha Noi",223
FORST,"Forst (Lusace)",2
AFAME,"Afame Road",35
ROULERS,Roeselare,4
XALAPA,Xalapa-Enriquez,52
GERONA,Gerone,6
BROUCH,Bruch,11
SORAPIS,"Lago del Sorapiss",10
BASRA,bsrt,152
PERWEZ,Perwijs,4
"MOREL FILET",Morel-Filet,16
"HO CHI MINH VILLE","Thanh pho Ho Chi Minh",223
MIZYNIEC,Mizenec',70
MALANG,"Kota Malang",150
"MONT TRAMELAN",Mont-Tramelan,16
"ZURICH : SIDI AMAR","Sidi Amar",77
BOUJAD,"aby aljʿd",91
FREIWALDAU,Jesenik,76
ARLON,Aarlen,4
POPERINGHE,"Poperinghe New Military Cemetery",4
"VACOAS PHOENIX",Vacoas-Phoenix,51
FEZ,"ZF Friedrichshafen - Werk 4 (Forschungs- und Entwicklungszentrum)",91
AMERS,"Ile aux Amers",13
HOMS,hms,165
KHULNA,"khulana bibhaga",108
"ABOU DABI","abw zby",132
"SAINT HELIER",Saint-Helier,41
VALENCIA,Valence,6
"ALMA : BOUDOUAOU",Boudouaou,77
VETTERN,"Vettern - Maso dei Cugini",15
PALAU,Palau-del-Vidre,6
HAIPHONG,"Hai Phong",223
SEVILLA,Seville,6
FERNANA,frnant,90
OVIEDO,Oviede,6
PRAGUE,"Capitale de Prague",76
VICHTEN,Viichten,11
"MAYEN (RHENANIE PALATINAT)",Mayen,2
SOASO,"Gradas de Soaso",6
ALEXANDRIE,Alessandria,36
TIANJIN,"tian jin shi",89
"PETIT NOBRESSART",Kleng-Elchert,11
MEQUINEZ,mknas,91
SPITZBERG,Spitsbergen,12
IJSELMONDE,IJselmondestraat,13
ROSAS,Roses,6
LEON,"Leon County",6
JASSY,Iasi,193
TIEGHEM,"Kasteel Van Tieghem de ten Berghe",4
SAEUL,Sell,11
"ARNEX SUR ORBE",Arnex-sur-Orbe,16
LEER,"Leer (arrondissement)",2
CADORE,"Pieve di Cadore",10
"GRAND HALLEUX",Grand-Halleux,4
"NOVI : SIDI GHILES","Sidi Ghiles",77
FIGUIG,fkyk,91
TAFIRA,"Campus Tafira de la Universidad de Las Palmas de Gran Canaria",6
"BURDEAU : MAHDIA (TIARET)",Mahdia,77
YANTAI,"yan tai shi",89
SFAX,sfaqs,90
QUENAST,Kenast,4
SURIA,Syrie,6
SHANGAI,"shang hai shi",89
FERIANA,fryant,90
ERFOUD,arfwd,91
M'COUN,"Coun de la Cime",91
"LAVEY MORCLES",Lavey-Morcles,16
"BEDEAU : RAS EL MA","Ras El Ma",77
ARDOYE,Ardooie,4
DOBSCHAU,Dobsina,203
TARVIS,Tarvisio,10
"UESSLINGEN BUCH",Uesslingen-Buch,16
DEHIBA,"mʿtmdyt aldhhybt",90
BARCELONA,Barcelone,6
BERGUENT,"ʿyn bny mthr",91
CHENINI,shnny,90
SAQQARAH,sqart,36
ARDENNE,Ardennen,4
"MARTIGNY COMBE",Martigny-Combe,16
BORAS,Bor,15
ORSA,"Orsa kommun",15
SAIDA,Sidon,77
DJEDDA,jdt,101
ADENI,"Golfe d'Aden",77
AGADIR,agadyr,91
BUDWEIS,"Ceske Budejovice",76
"AIN BESSEM","Ain Bessam",77
"AIN DRAHAM","ʿyn drahm",90
"AIN EL TURCK","Sonelgaz (SDC) Agence Commerciale Ain el Turck",77
"AIN LEUH","ʿyn allwh",91
"AIN TEDELES","Ain Tedles",77
"ARBA (L')","Stretta di l'Arba Santa",77
"AUMALE : SOUR EL GHOZLANE","Sour El Ghozlane",77
AZROU,azrw,91
"BEN AHMED","bn ahmd",91
"BEN GARDANE",bnqrdan,90
"BEN SLIMAN","dwar bn slyman",91
"BENI MELLAL","bny mlal",91
"BENI SNASSEN","Beni-Snassen Voyage",91
"BIRMANDREIS : BIR MOURAD RAIS","Bir Mourad Rais",77
BIZERTE,bnzrt,90
DEBDOU,dbdw,91
"BOU NOURA","Superette NOURA",77
"BOUGIE : BEJAIA",Bejaia,77
"CALLE : EL KALA (LA)","El Kala",77
"CASTIGLIONE : BOU ISMAIL","Bou Ismail",77
"CAVALLO : EL AOUANA","Cap Cavallo",77
CHERAGAS,Cheraga,77
"COLOMB BECHAR",Bechar,77
"CONSTANTINE : QACENTINA",Constantine,77
"DALMATIE : OULED YAICH","Residence Dalmatie",77
"DAMIETTE : AIN DHAB","Arret de bus ain dhab",77
"DAR CAID",Dar-Caid,91
"DAR CHAFFAI","dar alshafʿy",91
"DELY IBRAHIM","Dely Brahim",77
DJEDEIDA,aljdydt,90
"DJERBA (ILE DE )",jrbt,90
MARRAKECH,mraksh,91
"DJIDJELLI : JIJEL",Jijel,77
"DRA EL MIZAN",Tribunal,77
"DUVEYRIER: ZOUBIA","Oued Lakhdar",77
ECKMUHL,"Phare d'Eckmuhl",77
"EL AIOUN SIDI MELLOUK",alʿywn,91
"EL ATEUF","Ksar El Ateuf",77
"EL BATHAN",bthan,90
"EL DJEM",aljm,90
"FORT DE L'EAU : BORDJ EL KIFFAN","Restaurant bar fort de l'eau",77
KOUBA,Cuba,77
FOUNTI,"Modi Founti",18
FOUSSERET,"Le Fousseret",77
"FRANCHETTI : SIDI AMAR","Sidi Amar",77
GAFSA,qfst,90
"GERYVILLE : EL BAYADH","El Bayadh",77
GHARDIMAOU,"ghar aldmaʾ",90
GOUBELLAT,qblat,90
"GOULETTE (LA)",Goulette,90
GROMBALIA,qrmbalyt,90
"GUYOTVILLE : AIN BENIAN","Ain Benian",77
"HAMMAM EL LIF","hmam alanf almlʿb",90
HAMMAMET,alhmamat,90
SAFI,"Hal Safi",91
"MAILLOT : M'CHEDALLAH",M'chedallah,77
IFRANE,"Ifrane ⵉⴼⵔⴰⵏ",91
IMMOUZER,"Cascade d'Immouzer Kandar (temporaire)",91
"INKERMANN : OUED RHIOU","Oued Rhiou",77
"JEAN BART : EL MARSA","El Marsa",77
"JEMMAPES : AZZABA",Azzaba,77
KAIROUAN,alqyrwan,90
"KEF (LE)",alkaf,90
KHROUB,"El Khroub",77
KORBOUS,qrbs,90
LAMBESE,Tazoult,77
"LAMORICIERE : OULED MIMOUN","Ouled Mimoun",77
"MAISON BLANCHE : DAR EL BEIDA","Dar El Beida",77
"MAISON CARREE : EL HARRACH","El Harrach",77
"MARCEAU : MENACEUR",Menaceur,77
"MARNIA : MAGHNIA",Maghnia,77
"MARSA (LA)","Hotel de Ville La Marsa",90
MATEUR,matr,90
MATMATA,mtmatt,90
"MAXULA RADES",Maxula-Rades,90
"MECHRA BEL KSIRI","mshrʿ blqsyry",91
MEDENINE,"wlayt mdnyn",90
"MEDINET EL FAYOUM",alfywm,36
"MEDJEZ EL BAB","mjaz albab",90
"OUED ZEM","wady zm",91
"MENERVILLE : THENIA",Thenia,77
METLAOUI,almtlwy,90
METAMEUR,"am altmr",90
"MICHELET : AIN EL HAMMAM","Ain El Hammam",77
MIDELT,mydlt,91
MOGADOR,alswyrt,91
MONASTIR,Muristenis/Monastir,90
"MONDOVI : DREAN",Drean,77
"MONTGOLFIER : RAHOUIA",Rahouia,77
"MOULAY IDRISS","Bus stop 15",91
"MOULAY YACOUB","mwlay yʿqwb",91
"MOUZAIAVILLE : MOUZAIA",Mouzaia,77
MRAISSA,almryst,90
NABEUL,nabl,90
NEFTA,"mʿtmdyt nftt",90
"NEMOURS : GHAZAOUET",Ghazaouet,77
ORLEANSVILLE,Chlef,77
OUARZAZAT,wrzazat,91
"OUED ATHMENIA","Station-service Oued Athmenia",77
OUJDA,wjdt,91
"PALESTRO : LAKHDARIA",Lakhdaria,77
"PEROUSE : TAMENTFOUST (LA)",Tamentfoust,77
"PERREGAUX : MOHAMMADIA",Mohammadia,77
"PHILIPPEVILLE : SKIKDA",Skikda,77
"POINTE PESCADE","Rais Hamidou",77
"PORT AUX POULES : MARSAT EL HADJADJ","Marsat El Hadjadj",77
"PORT SAY : MARSA BEN M'HIDI","Marsa Ben M'Hidi",77
RABAT,alrbat,91
"RIO SALADO : EL MALAH","El Malah",77
"RIVET : MEFTAH",Meftah,77
"ROCHAMBEAU : MEZAOUROU",Mezaourou,77
"ROVIGO : BOUGARA (BLIDA)",Bougara,77
"SAINT ARNAUD : EL EULMA","El Eulma;N77",77
"SAINT CLOUD : GDYEL",Gdyel,77
"SAINT DENIS DU SIG : SIG",Sig,77
"SAINT EUGENE",Saint-Eugene,77
"SAINT LEON",Saint-Leon,18
"SAINTE BARBE",Sainte-Barbe,77
SEFROU,sfrw,91
"SENIA (LA)","Senia Lane",77
SETTAT,stat,91
"SIDI ALI BEN BRAHIM","sydlyt bn abrahym",90
"SIDI BOU SAID","sydy bw sʿyd",90
"SIDI FERRUCH","Sidi Fredj",77
"SIDI MAKLOUF","Rue Sidi Bou Maklouf",77
"SIDI TABET","Rue Sidi Tabet",91
"SOUK EL ARBA",jndwbt,90
"SOUK EL ARBA",jndwbt,91
T'HARA,Haratie,91
TABARKA,tbrqt,90
TAOURIRT,"Taourirt ⵜⴰⵡⵔⵉⵔⵜ",91
TEBOURBA,tbrbt,90
TEBOURSOUK,tbrsq,90
TEMACINE,Tamacine,77
"TENIET EL HAAD","Parc National de Theniet El Had",77
TIJDIT,"Tijdit tyjdsht",77
TIFLET,tyflt,91
"TIGZIRT SUR MER",Tigzirt,77
TIMGAD,"Ruines Romaines de Timgad",77
TOZEUR,twzr,90
TUNIS,twns,90
"TURENNE : SABRA",Sabra,77
"VIALAR : TISSEMSILT",Tissemsilt,77
ZAGHOUAN,"wlayt zghwan",90
ZARZIS,jrjys,90
LUXEMBOURG,Letzebuerg,11
BRUXELLES,Brussel,4
CENTRE,"Centre-Val de Loire",87
ROME,Roma,10
AUVERGNE,"Auvergne No. 76",87
"LOIRE ATLANTIQUE",Loire-Atlantique,87
MARCHE,Marches,87
MERIDIONAUX,"Aux Jardins Meridionaux",87
OSSALOIS,"Controle Technique Automobile Ossalois",87
PERIGORD,Villefranche-du-Perigord,87
"PYRENEES ORIENTALES",Pyrenees-Orientales,87
"AISCHE EN REFAIL",Aische-en-Refail,4
FEX,"Val Fex",16
"ALLE SUR SEMOIS",Alle,4
ALOST,Aalst,4
"ANNEVOIE ROUILLON",Annevoie-Rouillon,4
ANVERS,Antwerpen,4
"AUBY SUR SEMOIS",Auby-sur-Semois,4
AUDENARDE,Oudenaarde,4
AUDERGHEM,Oudergem,4
AYE,"Ayer Rajah Expressway",4
"BANNEUX NOTRE DAME","Avenue Notre Dame de Banneux",4
BARBANCON,"La Noue Barbancon",4
BASTOGNE,Bastenaken,4
"BERCHEM SAINTE AGATHE",Sint-Agatha-Berchem,4
"BERSILLIES L'ABBAYE",Bersillies-l'Abbaye,4
BEYTHEM,Beythem-Stasie,4
BIERGHES,Bierk,4
BIEVENE,Bever,4
"BIZET (LE)","Lotissement Le Georges Bizet",4
BLANKENBERGHE,Blankenberge,4
"BOHAN SUR SEMOIS",Bohan,4
BOITSFORT,Bosvoorde,4
BONHEYDEN,Bonheiden,4
MERTERT,Maertert,11
BORNHEM,"Cafe Bornhem",4
"BOURG LEOPOLD",Leopoldsburg,4
"BOUSSU WALCOURT","Rue de Boussu",4
"BOUSSU HAINE","rue Rive Gauche de la Haine",4
BOUVIGNES,Bouvignes-sur-Meuse,4
"BRAINE L'ALLEUD",Eigenbrakel,4
"BRAINE LE COMTE",'s-Gravenbrakel,4
BRASSCHAET,Brasschaat,4
BRUGES,Brugge,4
BUDINGEN,Buding,4
"BUISSIERE (LA)",Bruay-la-Buissiere,4
"BULLES (LES)","Les Bulles",4
CALMPTHOUT,Kalmthout,4
CAMPENHOUT,Kampenhout,4
CANNE,Kanne,4
"CAPELLE AU BOIS",Kapelle-op-den-Bos,4
ERMSDORF,Iermsdref,11
CHAIRIERES,"Les Chairieres",4
"CHAPELLE HERLAIMONT",Chapelle-lez-Herlaimont,4
"CHAUMONT GISTOUX",Chaumont-Gistoux,4
ALTWIES,Altwis,11
ALZINGEN,Alzing,11
ANSEMBOURG,Aansebuerg,11
ASPELT,Uespelt,11
BASBELLAIN,Kierchen,11
BAUSCHLEIDEN,Bauschelt,11
BERBOURG,Baerbuerg,11
BERDORF,Baerdref,11
BETTEMBOURG,Beetebuerg,11
BOEVANGE,Beigen,11
"BOLLENDORF PONT",Bollenduerfer-Breck,11
BRANDENBOURG,Branebuerg,11
BURMERANGE,Biermereng,11
CLEMENCY,Kenzeg,11
CLERVAUX,Klierf,11
"COLMAR BERG",Colmer-Bierg,11
CONSDORF,Konsdref,11
DALHEIM,Dalhain,11
DIEKIRCH,Dikrech,11
DIFFERDANGE,Deifferdeng,11
DIFFERT,Deiffert,11
DILLINGEN,"Dillingen an der Donau",11
DUDELANGE,Diddeleng,11
ECHTERNACH,Iechternach,11
EHNEN,Einen,11
EISCHEN,Aischen,11
ELLANGE,Elleng,11
EPPELDORF,Eppelduerf,11
"ESCH SUR ALZETTE",Esch-Uelzecht,11
"ESCH SUR SURE",Esch-Sauer,11
ETTELBRUCK,Ettelbreck,11
FALKENSTEIN,Falkenstein/Vogtland,11
FRISANGE,Freiseng,11
GONDERANGE,Gonnereng,11
GREIVELDANGE,Greiweldeng,11
GREVENMACHER,Greiwemaacher,11
GROSBOUS,Groussbus,11
HEFFINGEN,Hiefenech,11
HEIDERSCHEID,Heischent,11
HEISPELT,Heeschpelt,11
HESPERANGE,Hesper,11
HOLLENFELS,Huelmes,11
HOSINGEN,Housen,11
JUNGLINSTER,Jonglenster,11
KEHLEN,Kielen,11
KOERICH,Kaerch,11
KOETSCHETTE,Kietscht,11
LAROCHETTE,"An der Fiels",11
LINTGEN,Lentgen,11
MACHTUM,Meechtem,11
MEDERNACH,Miedernach,11
MERL,Marel,11
MERSCH,Miersch,11
MEYSEMBOURG,Meesebuerg,11
"MONDORF LES BAINS",Munneref,11
MULLERTHAL,Mellerdall,11
NEUDORF,Village-Neuf,11
NIEDERANVEN,Nidderanven,11
NIEDERDONVEN,Nidderdonwen,11
NIEDERFEULEN,Nidderfeelen,11
NIEDERKORN,Nidderkuer,11
NOERDANGE,Naerden,11
OBERPALLEN,Uewerpallen,11
OSPERN,Osper,11
PETANGE,Peiteng,11
"PETITE SUISSE","Petite Suisse - Klein-Zwitserland",11
RAMBROUCH,Rammerech,11
REDANGE,Reideng,11
REICHLANGE,Raichel,11
REMICH,Reimech,11
RODANGE,"Reiden op der Kor",11
ROLLINGEN,Raville,11
ROSPORT,Rouspert,11
RUMELANGE,Remeleng,11
STEINFORT,Stengefort,11
STOLZEMBOURG,Stolzebuerg,11
TROINE,Tratten,11
USELDANGE,Useldeng,11
VIANDEN,Veianen,11
WALFERDANGE,Walfer,11
WELLENSTEIN,Wellesteen,11
WELSCHEID,Welschent,11
WINTRANGE,Wentreng,11
WORMELDANGE,Wuermeldeng,11
SCHRASSIG,Schraasseg,11
SCHUTTBURG,Schettbuerg,11
SENNINGEN,Senneng,11
TETANGE,Teiteng,11
TRINTINGEN,Trenteng,11
CHINY,China,4
CHRISTELLES,"Hotel Les Christelles",4
CLAIREFONTAINE,"Centre national de formation et d'entrainement de Clairefontaine",4
CLERCKEN,"Clercken Cameren",4
COLONHEID,"Bois de Colonheid",4
"COMBLAIN AU PONT",Comblain-au-Pont,4
"COMINES WARNETON",Komen-Waasten,4
COO,"Aeroport International Cardinal Bernardin Gantin",4
COOLSCAMP,Koolskamp,4
"COQ SUR MER","De Haan",4
CORTEMARCK,"'t Oud Cortemarck",4
"COURT SAINT ETIENNE",Court-Saint-Etienne,4
COURTRAI,Kortrijk,4
"CUL DES SARTS",Cul-des-Sarts,4
DADIZEELE,"Dadizeele New British Cemetery",4
DIXMUDE,Diksmuide,4
DONSTIENNE,"Donstienne Sainte Corneille",4
DOTTIGNIES,Dottenijs,4
DRANOUTRE,Dranouter,4
ELLEZELLES,Elzele,4
ENGHIEN,Edingen,4
ERMETON,Ermeton-sur-Biert,4
ESTAIMPUIS,Steenput,4
ETHE,"Rheine Bentlage Air Base",4
EVERBECQ,Everbeek,4
EYSDEN,Eisden,4
"FAULX LES TOMBES","Faulx-Les Tombes",4
"FAYT LES MANAGE","Fayt-lez-Manage Rue Wart",4
FIDEVOYE,"Avenue de Fidevoye",4
FLOBECQ,Vloesberg,4
"FONTAINE L'EVEQUE",Fontaine-l'Eveque,4
"FONTAINE VALMONT",Fontaine-Valmont,4
FOREST,"Forest County",4
"FORGES DE CHIMAY","Rue de Forges",4
"FOSSES LA VILLE",Fosses-la-Ville,4
"FOURON LE COMTE",'s-Gravenvoeren,4
"FRANC WARET",Franc-Waret,4
"FRASNES LEZ GOSSELIES",Frasnes-lez-Gosselies,4
GAESBEEK,Gaasbeek,4
GEMBLOUX,Gembloers,4
GENAPPE,Genepien,4
"GENDRON CELLES",Gendron-Celles,4
GHELUVELT,"Gheluvelt Park",4
GHISLENGHIEN,Gellingen,4
GHISTELLES,"Allee du Chevalier Gerard de Ghistelles",4
GISTOUX,Chaumont-Gistoux,4
GLONS,Glaaien,4
"GRAND RECHAIN",Grand-Rechain,4
GRANDLUP,Grandlup-et-Fay,4
GRAVENWEZEL,"Fort van 's-Gravenwezel",4
"GROS FAYS",Gros-Fays,4
"HABAY LA NEUVE",Habay-la-Neuve,4
"HABAY LA VIEILLE",Habay-la-Vieille,4
"HAINE SAINT PAUL",Haine-Saint-Paul,4
"CAIRE (LE)","Le Caire",36
"HAM SUR HEURE NALINNES",Ham-sur-Heure-Nalinnes,4
"HAM SUR SAMBRE",Ham-sur-Sambre,4
"HAN SUR LESSE",Han-sur-Lesse,4
HANNUT,Hannuit,4
HARINGHE,"Haringhe (Bandaghem) Military Cemetery",4
"HAUTE FAGNES","Athenee Royal Ardenne - Hautes Fagnes",4
HERBESTHAL,Herbestal,4
HERENTHALS,"Hendrik van Herenthalslaan",4
"HERCK LA VILLE",Herk-de-Stad,4
"HERMALLE SOUS ARGENTEAU",Hermal,4
HERSEAUX,Herzeeuw,4
"HEUSDEN ZOLDER",Heusden-Zolder,4
HEVERLE,Heverlee,4
HEYST,"Emile d'Heyst",4
HOCKAY,Hockai,4
HOEYLAERT,Hoeilaart,4
"HOUDENG GOEGNIES",Houdeng-Goegnies,4
HOVES,Hove,4
"HULPE (LA)","Chateau de La Hulpe",4
ISEGHEM,Izegem,4
"JEMEPPE SUR SAMBRE",Jemeppe-sur-Sambre,4
JODOIGNE,Geldenaken,4
JURBISE,Jurbeke,4
KEYEM,Keiem,4
"KNOKKE ZOUTE","Het Zoute",4
LANDEN,Londen,4
"LANGEMARK POELKAPELLE",Langemark-Poelkapelle,4
"ROCHE EN ARDENNE (LA)","Les Cailloux de Mousny",4
LAUWE,Beneden-Leeuwen,4
LOUVAIN,Leuven,4
"LEERS ET FOSTEAU",Leers-et-Fosteau,4
"LEERS NORD",Leers-Noord,4
LEMBECQ,Lembeek,4
LESSINES,Lessen,4
"LEUZE EN HAINAUT",Leuze-en-Hainaut,4
"LIBRAMONT CHEVIGNY",Libramont-Chevigny,4
LIEGE,Luik,4
LIERRE,Lier,4
LOO,"Loo alevik",4
"LOUETTE SAINT PIERRE",Louette-Saint-Pierre,4
"LOUVIERE (LA)","Louviere Lane",4
LUINGNE,Lowingen,4
MAESEYCK,Maaseik,4
MALINES,Mechelen,4
MALONNE,Maeslangen,4
MARCHE,Marken,4
"MARCHE LES DAMES",Marche-les-Dames,4
"MARCHE EN FAMENNE",Marche-en-Famenne,4
"MARCHIENNE AU PONT",Marchienne-au-Pont,4
"MECHELEN MAAS",Mechelen-aan-de-Maas,4
"MEIX DEVANT VIRTON",Meix-devant-Virton,4
"MEIX LE TIGE",Meix-le-Tige,4
"MELREUX HOTTON",Melreux-Hotton,4
MELSBROECK,Melsbroek,4
"MEMBRE SUR SEMOIS",Membre,4
MENIN,Menen,4
"MERBES LE CHATEAU",Merbes-le-Chateau,4
MERCKEM,"Boulevard de Merckem",4
MESSINES,Mesen,4
MIDDELBOURG,Middelburg,4
"MOERBEKE WAAS",Moerbeke,4
"MOLENBEEK SAINT JEAN",Sint-Jans-Molenbeek,4
MOL,Molise,4
"MONCEAU SUR SAMBRE",Monceau-sur-Sambre,4
"MONS CROTTEUX","Mons-lez-Liege Place de Crotteux",4
"MONT DE L'ENCLUS",Mont-de-l'Enclus,4
"MONT SAINT SULPICE",Mont-Saint-Sulpice,4
"MONT A LEUX",Mont-a-Leux,4
"MONT DE TRINITE","Mont de la Trinite",4
"MONT SUR MEUSE",Mont,4
"MONTIGNY SAINT CHRISTOPHE",Saint-Christophe,4
"MONTIGNY LE TILLEUL",Montigny-le-Tilleul,4
"MONTIGNY SUR SAMBRE","Ancienne usine Electrabel",4
MOUSCRON,Moeskroen,4
"MOUSTIER LES FRASNES","Moustier-Lez-Frasnes Les Pres",4
"MOUSTIER SUR SAMBRE",Moustier-sur-Sambre,4
"MUSSY LA VILLE",Mussy-la-Ville,4
NAMUR,Namen,4
"MONT SAINT GUILBERT","Rue Narcisse Guilbert",4
SY,Syrie,4
NIEUPORT,Nieuwpoort,4
NIVELLES,Nijvel,4
OLLIGNIES,Woelingen,4
"ORP JAUCHE",Orp-Jauche,4
OSTENDE,Oostende,4
OTRANGE,Wouteringen,4
OVERYSSCHE,Overijse,4
"PANNE (LA)","De Panne",4
PETEGHEM,"Van Peteghem Sport",4
"PETITE CHAPELLE",Petite-Chapelle,4
"PLANTE (LA)","Plante Lane",4
POILVACHE,"Chemin de Poilvache",4
"PONT A CELLES",Pont-a-Celles,4
"PONT ROUGE",Pont-Rouge,4
POUCQUES,Poeke,4
"RAMEGNIES CHIN",Ramegnies-Chin,4
RAMSCAPELLE,Ramskapelle,4
RAVERSYDE,Raversijde,4
RENAIX,Ronse,4
"ROANNE COO",Roanne-Coo,4
"ROCHE (LA)","Roche Lane",4
"ROEULX (LE)","Le Roeulx",4
"ANNEVOIE ROUILLON",Annevoie-Rouillon,4
RUYSBROECK,Ruisbroek,4
"SAINT DENIS",Saint-Denis,4
"SAINT GENESE",Sint-Genesius-Rode,4
"SAINT GEORGES SUR MEUSE",Saint-Georges-sur-Meuse,4
"SAINT GERARD",Saint-Gerard,4
"SAINT GHISLAIN",Saint-Ghislain,4
"SAINT GILLES",Saint-Gilles,4
"SAINT HUBERT",Saint-Hubert,4
"SAINT JULIEN",Saint-Julien,4
"SAINT LAMBERT",Saint-Lambert,4
"SAINT LEGER",Saint-Leger,4
"SAINT MARD",Saint-Mard,4
"SAINTE MARIE SUR SEMOIS",Sainte-Marie,4
"SAINT NICOLAS",Saint-Nicolas,4
"SAINT PIERRE CAPELLE",Sint-Pieters-Kapelle,4
"SAINT SERVAIS",Saint-Servais,4
"SAINT TROND",Sint-Truiden,4
"SAINT VITH","Sankt Vith",4
"SAINTE CECILE",Sainte-Cecile,4
"SART LES MOINES","Gosselies Sart-les-Moines",4
"SART LES SPA","Dans le Sart",4
"SART RISBART",Sart-Risbart,4
SCHAERBEEK,Schaarbeek,4
"BERGEN HOLLANDE SEPTENTRIONALE",Bergen,13
"SIVRY RANCE",Sivry-Rance,4
SLYPE,Slijpe,4
SOIGNES,"Carrefour du Gros Hetre et de la Foret de Soignes",4
SOIGNIES,Zinnik,4
SOTTEGEM,"KSV Sottegem",4
STEENSTRATE,Steenstratelaan,4
TAMISE,Theems,4
TEMPLEUVE,Templeuve-en-Pevele,4
TERMONDE,Dendermonde,4
TERVUEREN,Tervuren,4
THIELT,Tielt,4
THILDONCK,Tildonk,4
"THIMISTER CLERMONT",Thimister-Clermont,4
NOTHUM,Noutem,11
THOUROUT,Torhout,4
TIRLEMONT,Tienen,4
TONGERLOO,Tongelo,4
TONGRES,Tongeren,4
"TROIS PONTS",Trois-Ponts,4
TUBIZE,Tubeke,4
UCCLE,Ukkel,4
"VAL SAINT LAMBERT",Saint-Lambert,4
VANCE,"Vance County",4
"VAUX SOUS CHEVREMONT",Vaux-sous-Chevremont,4
"VELAINE SUR SAMBRE",Velaine-sur-Sambre,4
"VIERSET BARSE",Vierset-Barse,4
VIERVES,Vierves-sur-Viroin,4
"VIEUX DIEU","Chapelle du Vieux Bon Dieu de Tancremont",4
"VILLERS AUX BOIS",Villers-aux-Bois,4
"VILLERS DEVANT ORVAL",Villers-devant-Orval,4
"VILLERS LA TOUR",Villers-la-Tour,4
"VILLERS LA VILLE",Villers-la-Ville,4
"VILLERS LE TEMPLE",Villers-le-Temple,4
"VILLERS SUR LESSE",Villers-sur-Lesse,4
"VILLERS SUR SEMOIS",Villers-sur-Semois,4
VILVORDE,Vilvoorde,4
VIRGINAL,Virginal-Samme,4
VOORMEZEELE,"Voormezeele Enclosure N°.3",4
"VRESSE SUR SEMOIS",Vresse-sur-Semois,4
WAREMME,Borgworm,4
WARNETON,Waasten,4
"WATERMAEL BOITSFORT",Watermaal-Bosvoorde,4
WAVRE,Waver,4
WELKENRAEDT,Welkenraat,4
WERVICQ,Wervik,4
WESTROOSEBEKE,Westrozebeke,4
"WEZEMBEEK OPPEM",Wezembeek-Oppem,4
WILLEBROECK,Willebroek,4
YPRES,Ieper,4
"YVES GOMEZEE",Yves-Gomezee,4
TABARZ,"Bad Tabarz",16
"ZOUTE (LE)","Het Zoute",4
MURCIA,Murcie,6
SAARBRUCKEN,Sarrebruck,2
IGUELDO,Igeldo,6
UNGVAR,Uzgorod,70
"MONTREUR D'OURS","Chemin du Montreur d'Ours",86
"LIVRE & PAPIER","Papier & Poesie",86
"LAC LEMAN","Le Leman",16
POMPIERS,"Protection civile",86
PUBLICITE,"Musee des Arts Decoratifs - Musee de la Publicite",86
"TRAVAIL DU BOIS","Tout le travail du bois",86
DIRIGEABLES,"Rue des Dirigeables",86
TIGNANA,"Torrente Tignana",128
"MINES & MINEURS","Ancienne cooperative des ouvriers mineurs de la Compagnie des Mines de Vicoigne-Noeux-Drocourt",86
"PECHE & PECHEURS","Ecole de Peche Les Pecheurs Chamberiens",86
"TRANSPORT DU BOIS","Wagon de transport du bois",86
DILLINGEN,"Dillingen an der Donau",2
ORENSE,Ourense,6
"PHNOM PENH",រាជធានីភ្នំពេញ,26
"SAINT URSANNE",St-Ursanne,16
ATHENES,Athena,8
"SAN SEBASTIAN",Saint-Sebastien,6
KIEV,Kiiv,70
LONDON,Londres,41
"SAINT JOSSE TEN NOODE",Sint-Joost-ten-Node,4
"PORT SAID",bwrsʿyd,36
HELWAN,hlwan,36
ALGECIRAS,Algesiras,6
ZARAUZ,Zarautz,6
ZARAGOZA,Saragosse,6
"VILLAGARCIA DE AROSA",Vilagarcia,6
"VICTORIA (LA)","Victoria Lane",6
VALCARLOS,Luzaide,6
"VAL D'ARAN",Val-d'Aran,6
URDAX,Urdazubi/Urdax,6
TOSSA,"Tossa de Mar",6
TORRIC,"Impasse Lann Torric",6
TIBIDABO,"Parc d'atraccions del Tibidabo",6
TARRAGONA,Tarragone,6
TAGANAVA,"vulica Taganava",6
"SEO DE URGEL","la Seu d'Urgell",6
"SAN FELIU DE GUIXOLS","Sant Feliu de Guixols",6
SALAMANCA,Salamanque,6
SAGUNTO,Sagonte,6
RONCESVALLES,Roncevaux,6
RENTERIA,Errenteria,6
PUIGREIG,"Carrer de Puigreig",6
"PUENTE LOS FIERROS","Puente de los Fierros",6
"POBLA DE LILLET","la Pobla de Lillet",6
"POBLA DE SEGUR","la Pobla de Segur",6
PLENCIA,"Plentziako badia / Bahia de Plentzia",6
PLASENCIA,Plaisance,6
PENAMELLERA,"Penamellera Baja",6
PASAGES,"Pasages Shipwreck",6
"PALMAS (LAS)","Las Palmas de Grande Canarie",6
"PALMA DE MALLORCA",Palma,6
"NIEVES (LAS)","el Fondo de les Neus / Hondon de las Nieves",6
"NAVAS DEL MARQUES (LAS)","Las Navas del Marques",6
"MUROS DE PRAVIA","Cementerio de Muros",6
MONTALBAN,Montauban,6
"MOLI DEL PETIT","Carrer la Plana del Moli Petit",6
"MASSANET DE CABRENYS","Macanet de Cabrenys",6
LUARCA,"Luarca / Lluarca",6
LOGRONO,Logrogne,6
"LLANOS (LOS)","Villalba de los Llanos",6
LECUMBERRI,Lekunberri,6
"JUNQUERA (LA)","la Jonquera",6
"JEREZ DE LA FRONTERA",Xeres,6
GUETARIA,Getaria,6
GRANADA,Grenade,6
GAUSACH,"Sant Martin de Gausach",6
GALICIA,Galice,6
FUENTERRABIA,Fontarrabie,6
FIGUERAS,Figuieres,6
FUERTEVENTURA,Fortaventure,6
"ESCORIAL (EL)","Real Monasterio de San Lorenzo de El Escorial",6
"ESCALA (LA)","Escala Lane",6
ELCHE,"Elx / Elche",6
DANCHARINEA,"Carretera Tarazona a Francia por Dancharinea",6
"CORUNA (LA)","La Corogne",6
CEANURI,Zeanuri,6
CARTAGENA,Carthagene,6
"CAROLINA (LA)","Carolina Lane",6
CARCAGENTE,Carcaixent,6
CALDETAS,"Quinta Caldetas",6
"CALDAS DE MONTBUY","Caldas de Montbuy. Les llambordes i el Cami del Foment",6
BAYONA,Bayonne,6
"BALNEARIO DE BELASCOAIN","Station thermale de Belaskoain",6
"ARENAS (LAS)",Arenes,6
AMPURDAN,Haut-Ampurdan,6
ALSASUA,Altsasu/Alsasua,6
ALENTEJO,"Regiao do Alentejo",60
"AACH 7701",Aach,2
"VILLA DA FEIRA","Vila da Feira",60
"VIANNA DO CASTELLO","Viana do Castelo",60
"SERRA DA ESTRELLA","Parque Natural da Serra da Estrela",60
"SAN JOAO DO ESTORIL","Escola Municipal de Educacao Infantil Yan Gabriel Mendana",60
"RIO DANDE",Dande,20
AEGERI,Oberageri,16
"PACO D'ARCOS","Paco de Arcos",60
LYSTSEJLADS,"Danmarks Museum for Lystsejlads",5
"LOURENCO MARQUES","Rua Lourenco Marques",60
FAMALICAO,"Vila Nova de Famalicao",60
EXTREMADURA,Estremadura,60
DOURO,"Rio Douro",60
"CONDEIXA A VELHA",Condeixa-a-Velha,60
CINTRA,Sintra,60
"CASTELLO DE VIDE","Castelo de Castelo de Vide",60
CASCAES,Cascais,60
BUSSACO,Camanongue,60
BEMFICA,Benfica,60
"ABBAYE (L')",Saint-Victor-l'Abbaye,16
AESCHI,"Aeschi (SO)",16
AFFOLTERN,"Affoltern am Albis",16
ALBINEN,Arbignon,16
ALTDORF,Altorf,16
AMBRI,Embrach,16
AMMERZWIL,"Ammerzwil BE",16
ASTANO,Astana,16
AU,Australie,16
"AVANTS (LES)","Les Avants",16
BAGNES,"Val de Bagnes",16
BAUMA,"Bauma (Zurich)",16
BAUMAROCHE,"Route de Baumaroche",16
BELLINZONA,Bellinzone,16
BERGUN,Bergun/Bravuogn,16
BLONAY,"Blonay - Saint-Legier",16
BODENSEE,"Lac de Constance",16
"BOUGY VILLARS",Bougy-Villars,16
"BOURG SAINT PIERRE",Bourg-Saint-Pierre,16
BOUVERET,Villy-le-Bouveret,16
BRASSUS,"Le Brassus",16
BRISSAGO,"Brissago Valtravaglia",16
"BROT DESSUS",Brot-Plamboz,16
CELERINA,Celerina/Schlarigna,16
CERNIAT,"Cerniat (FR)",16
CHABLES,"Chables FR",16
CHAMBESY,Pregny-Chambesy,16
CHAPELLE,"Chapelle (Glane)",16
"CHATEAU D'OEX",Chateau-d'Oex,16
"CHATEL SAINT DENIS",Chatel-Saint-Denis,16
"CHATELARD (LE)","Le Chatelard",16
"CHAUX DE FONDS (LA)","La Chaux-de-Fonds",16
"CHEYRES CHABLES",Cheyres-Chables,16
CHIESAZ,Viuz-la-Chiesaz,16
"CLEES (LES)","Les Clees",16
"COL DES ROCHES (LE)","Col des Roches",16
"CORCELLES PRES PAYERNE",Corcelles-pres-Payerne,16
"COTE AUX FEES","La Cote-aux-Fees",16
COTTENS,"Cottens (VD)",16
"COUDRE (LA)",Saint-Germain-de-la-Coudre,16
"CRANS MONTANA",Crans-Montana,16
CRESSIER,"Cressier (NE)",16
"CRET (LE)","Le Cret",16
"CROISETTES (LES)","Maison d'arret du Mans-les-Croisettes",16
"CROIX DE ROZON (LA)","Douane de La Croix-de-Rozon",16
"CURE (LA)",Cure,16
"DIABLERETS (LES)","Les Diablerets",16
DISENTIS,Disentis/Muster,16
EPLATURES,"Aeroport des Eplatures",16
ERLACH,Cerlier,16
ERLENBACH,Albe,16
ESSERTINES,Essertines-sur-Yverdon,16
"ESTAVAYER LE GIBLOUX",Estavayer-le-Gibloux,16
"ETIVAZ (L')",L'Etivaz,16
FELLERS,Falera,16
FERPECLE,"Ferpecle (Le Salay)",16
"FLUELI RANFT",Flueli-Ranft,16
"FURKA PASS","Col de la Furka",16
GAMPELEN,Champion,16
GLARUS,Glaris,16
GOSSAU,"Gossau (SG)",16
"GRAND SAINT BERNARD","Grand Saint-Bernard",16
GRENCHEN,Granges,16
GUTTANEN,Guttannen,16
GY,Guyana,16
HAGENWIL,"Hagenwil b. Amriswil",16
HOHFLUH,"Hasliberg Hohfluh",16
HOSPENTHAL,"Hospenthal Way",16
"ISLE (L')",L'Isle-en-Dodon,16
KEMPTEN,"Kempten (Allgau)",16
KESTENHOLZ,Chatenois,16
"KLOSTERS SERNEUS",Serneus,16
KUSSNACHT,"Kussnacht (SZ)",16
LAUFENBURG,"Laufenburg (Baden)",16
LAUTERBACH,"Lauterbach (Hessen)",16
LENZ,Lenasia,16
LENZBURG,Lenzbourg,16
LINDAU,"Lindau (Bodensee)",16
"LOCLE (LE)","Le Locle",16
"LOECHE LES BAINS",Loeche-les-Bains,16
LUZERN,Lucerne,16
"LUSSY SUR MORGES",Lussy-sur-Morges,16
MARECOTTES,"Les Marecottes",16
MARTINSBRUCK,Martina,16
MEX,"Etat de Mexico",16
MEZIERES,"Mezieres (FR)",16
"MOLLENDRUZ ","Route du Mollendruz",16
MOLESON,Molezon,16
MOLLENS,"Mollens (VD)",16
"MONTAGNY LES MONTS",Montagny-les-Monts,16
"MONTET VULLY","Montet sur Cudrefin",16
"MONT SUR LAUSANNE","Le Mont-sur-Lausanne",16
"MONT PELLERIN","Ruisseau Pellerin",16
"MONT LA VILLE",Mont-la-Ville,16
"MOULINS (LES)",Jailly-les-Moulins,16
MUNTSCHEMIER,Monsmier,16
"MUNSTER GESCHINEN",Munster-Geschinen,16
MURI,"Muri bei Bern",16
"NEUVEVILLE (LA)","La Neuveville-devant-Lepanges",16
"OBER DIESSBACH",Oberdiessbach,16
OBERVAZ,Vaz/Obervaz,16
AACHEN,Aix-la-Chapelle,2
"ORMONT DESSUS",Ormont-Dessus,16
"PAQUIER-MONTBARRY (LE)","Fromagerie du Paquier",16
"PETIT LANCY",Petit-Lancy,16
"PETIT SACONNEX",Petit-Saconnex,16
"PETIT SAINT BERNARD",Saint-Bernard,16
"PLANS (LES)","Les Plans",16
"PLAINE (LA)",Aucey-la-Plaine,16
"PLANCHES (LES)","Les Planches-en-Montagne",16
"PLEIADES (LES)","Les Pleiades",16
"PONT (LE)",Pont,16
"PRAZ LE FORT",Praz-de-Fort,16
"PREZ SIVIRIEZ",Prez-vers-Siviriez,16
"RAPPERSWIL JONA",Rapperswil-Jona,16
"RASSES (LES)","Les Rasses",16
RHEINAU,Rhinau,16
RINGGENBERG,"Ringgenberg (BE)",16
"RIPPE (LA)","La Rippe",16
"ROCHE (LA)","Roche Lane",16
"ROCHE D'OR",Roche-d'Or,16
"ROMAINMOTIER ENVY",Romainmotier-Envy,16
SAANEN,Gessenay,16
SAAS,"Saas im Prattigau",16
"SAGE (LA)","Saga La",16
"SAGNE (LA)",Saint-Sauveur-la-Sagne,16
SCHAFFHAUSEN,Schaffhouse,16
SCHULS,Scuol,16
SCHWYTZ,Schwyz,16
SEEVEN,"Seeven Studio",16
"SENTIER (LE)",Sentier,16
"SEPEY (LE)","Le Sepey",16
"SILS BASELGIA","Sils/Segl Baselgia",16
SOLOTHURN,Soleure,16
STAAD,Stade,16
STALDEN,"Stalden (VS)",16
STELVIO,"Stilfs - Stelvio",16
STUIS,"Stacks of Stuis",16
MANSOURAH,almnswrt,36
"SAN BERNARDINO","San Bernardino County",16
"SAINT BLAISE",Saint-Blaise,16
"SAINT CERGUE",Saint-Cergue,16
"SAINTE CROIX","Voivodie de Sainte-Croix",16
"SAINT GALL",Saint-Gall,16
"SAINT GINGOLPH",Saint-Gingolph,16
"SAINT GEORGES",Saint-Georges,16
"SAINT IMIER",Saint-Imier,16
"SAINT LEONARD",Saint-Leonard,16
"SAINT LOUP",Saint-Loup,16
"SAINT LUC",Saint-Luc,16
"SAINT MARTIN",Saint-Martin,16
"SAINT MAURICE",Saint-Maurice,16
"SAINT MORITZ",Saint-Moritz,16
"SAINT NICOLAS",Saint-Nicolas,16
"SAINT PREX",Saint-Prex,16
"SAINT SAPHORIN","Saint-Saphorin (Lavaux)",16
"SAINT TRIPHON",Saint-Triphon,16
"TINE (LA)","Tine Lane",16
"TORNY LE PETIT","Route de Torny-le-Petit",16
"TOUR DE PEILZ (LA)","La Tour-de-Peilz",16
"TOUR (LA)","Tour Lane",16
"TOUR DE TREME (LA)","La Tour-de-Treme",16
"TOURNE (LA)","La Neuville-en-Tourne-a-Fuy",16
"TRETIEN (LE)","Le Tretien",16
TRELECHAMP,"Chemin Trelechamp",16
THUN,Thoune,16
"VAL D'ILLIEZ",Val-d'Illiez,16
"VERRIERES (LES)",Hadigny-les-Verrieres,16
VIERWALD,"Naturschutzgebiet Elbhang-Vierwald",16
"VILLETTE (LA)",Villette,16
VINELZ,Fenis,16
VUFFLENS,Vufflens-le-Chateau,16
WALD,"Wald (BE)",16
WALLENSTADT,Walenstadt,16
WENGEN,"La Val - Wengen - La Valle",16
WEISSENBURG,Wissembourg,16
WETZIKON,"Wetzikon (ZH)",16
WIESENBERG,Wegierskie,16
WILLINGEN,"Willingen (Upland)",16
"YVERDON LES BAINS",Yverdon-les-Bains,16
ZUG,Zoug,16
ZURZACH,"Bad Zurzach",16
"SAINTE URSANNE","Route de Sainte-Ursanne",16
BAIARDO,Bajardo,10
CANDRIA,Chandria,10
CAPRINO,"Caprino Veronese",16
CARATE,"Carate Brianza",10
CASTELLANA,Castellane,10
"CASTELLUCCIO DI PORRETTA","Castelluccio Pianella",10
CASTELTESINO,"Casteltesino Camping",10
CASTELVITTORIO,"Castel Vittorio",10
"CERTOSA DI FIRENZE","Certosa del Galluzzo",10
CERVIGNANO,"Cervignano del Friuli",10
CESANA,"Cesana Torinese",10
"CHIUSA PESIO","Chiusa di Pesio",10
CLAVIERES,Claviere,10
CONDOUE,Condove,10
"CREVOLA D'OSSOLA","Centrale Idroelettrica di Crevola Divera",10
"DILSEN STOKKEM",Dilsen-Stokkem,4
"FRABOSA SERRO",Serro,10
"GARDE (LAC DE)","Lago di Garda",10
GARDONE,"Gardone Riviera",10
GIRGENTI,Agrigento,10
GRESSONEY,Gressoney-Saint-Jean,10
"ISOLA SUPERIORE","Isola dei Pescatori",10
LANZO,"Lanzo Torinese",10
"MAGGIORE (LAGO)","Lago Maggiore",10
"MAZZARA DEL VALLO","Mazara del Vallo",10
MONZA,"Monza e della Brianza",10
OTTAJANO,"Palazzo Medici di Ottajano",10
"PETIT SAINT BERNARD",Saint-Bernard,10
PIEVE,"Pieve Tesino",10
"PONT SAINT MARTIN",Pont-Saint-Martin,10
"PORTO VENERE",Portovenere,10
"PRE SAINT DIDIER",Pre-Saint-Didier,10
IRAKLIO,Erakleio,8
RAGUSA,"Citta di Ragusa",10
ILLEA,"ILLEA Srl",94
"REGGIO EMILIA","Reggio nell'Emilia",10
RIVA,"Riva del Garda",10
"SAINT RHEMY",Saint-Rhemy,10
"SAINT VINCENT","Saint Vincent e Grenadine",10
"SAN MARINO (REPUBLICA DI)","Universita della Repubblica di San Marino",10
"SANTA BOVO","Rua Americo Telesfo Bovo",10
"SANTA CATERINA DEL SASSO","Eremo di Santa Caterina del Sasso",10
"SANTO GIOVANNI",Giovanni,10
"SANTA MARIA MAGGIORE","Basilica di Santa Maria Maggiore",10
SEMPIONE,"Casorate Sempione",10
"SPEZIA (LA)","La Spezia",10
"THUILE (LA)","La Thuile",10
TIRANO,Tirana,10
TREMOSINE,"Tremosine sul Garda",10
"VALLE STURA","Via Stiera",10
VALSAVARANCHE,"Via Valsavaranche",10
VALTOURNANCHE,Valtournenche,10
VERNA,Vernas,10
CANAVESE,"Rivarolo Canavese",10
"VILLAFRANCA LUNIGIANA","Villafranca in Lunigiana",10
AUGSBURG,Augsbourg,2
ANNWEILER,"Annweiler am Trifels",2
AROLSEN,"Bad Arolsen",2
ASCHAU,"Aschau im Chiemgau",2
AUERBACH,Auerbach/Vogtland,2
AUGSBURG,Augsbourg,2
"BADEN BADEN",Baden-Baden,2
BATTENBERG,"Battenberg (Eder)",2
"BEDBURG HAU",Bedburg-Hau,2
BERGZABERN,"Bad Bergzabern",2
BERLINGEN,Berling,2
BERNBURG,Bernbourg,2
BERTRICH,"Bad Bertrich",2
BIBERACH,"Biberach an der Riss",2
"BIETIGHEIM BISSINGEN",Bietigheim-Bissingen,2
"BILLIGHEIM INGENHEIM",Billigheim-Ingenheim,2
"BINGEN 7481",Bionville-sur-Nied,2
BISCHOFSHEIM,Bischoffsheim,2
CURZOLA,Korcula,128
BRAUNSCHWEIG,Brunswick,2
"BREITNAU 7821",Breitnau,2
"BREITNAU 7824",Breitnau,2
BREMEN,Breme,2
HAMELN,Hamelin,2
KASSEL,Cassel,2
"CLAUSTHAL ZELLERFELD",Clausthal-Zellerfeld,2
COBLENZ,Coblence,2
COBURG,Cobourg,2
CHIEMSEE,"lac de Chiem",2
DALHEIM,Dalhain,2
DIEPHOLZ,"Diepholz (arrondissement)",2
DRESDEN,Dresde,2
DUISBURG,Duisbourg,2
EBERBACH,Eberbach-Seltz,2
EFRINGEN,Efringen-Kirchen,2
EHINGEN,"Ehingen (Donau)",2
EISLINGEN,"Eislingen (Fils)",2
ELLWANGEN,"Ellwangen (Jagst)",2
ELTVILLE,"Eltville am Rhein",2
EMMERICH,"Emmerich am Rhein",2
EPPINGEN,Epping,2
"ERBACH 6542",Erbach,2
"ERBACH 7904",Erbach,2
ESCHWEILER,Eschwiller,2
ESSLINGEN,"Esslingen am Neckar",2
FELDBERG,"Feldberg (Schwarzwald)",2
BULAWAYO,"Bulawayo Province",226
FRANKENBERG,Frankenberg/Sachsen,2
FRANKENTHAL,"Frankenthal (Pfalz)",2
FRANKFURT,Francfort-sur-le-Main,2
FREISING,Frisingue,2
FREIBURG,Fribourg-en-Brisgau,2
FRIEDBERG,"Friedberg (Hesse)",2
"FURTH 6149",Furth,2
"FURTH 8510",Furth,2
FURTWANGEN,"Furtwangen im Schwarzwald",2
"GAU ALGESHEIM",Gau-Algesheim,2
"GAU BICKELHEIM",Gau-Bickelheim,2
"GEISLINGEN 7465",Geislingen,2
JENA,Iena,2
GIFHORN,"Gifhorn (arrondissement)",2
GOTTINGEN,Goettingue,2
"GRABEN LECHFELD","Base aerienne de Lechfeld",2
GRIESHEIM,Griesheim-sur-Souffel,2
"GROSS GERAU",Gross-Gerau,2
GROSSROSSELN,Grande-Rosselle,2
GUNDELFINGEN,"Gondelfingue (Bade-Wurtemberg)",2
GUTACH,"Gutach (Schwarzwaldbahn)",2
"HALLE SUR SAALE",Halle-sur-Saale,2
HAMBURG,Hambourg,2
HANNOVER,Hanovre,2
"HANNOVERSCH MUNDEN","Hann. Munden",2
HASLACH,Hazlach,2
HEIDESHEIM,"Heidesheim am Rhein",2
"HERTEN (RHENANIE DU NORD WESTPHALIE)",Herten,2
HOMBURG,Hombourg,2
HOFEN,Hoffen,2
HOLZMINDEN,"Holzminden (arrondissement)",2
"BAD HOMBURG","Bad Homburg vor der Hohe",2
HORB,"Horb am Neckar",2
KLAUSEN,"Klausen - Chiusa",2
"IDAR OBERSTEIN",Idar-Oberstein,2
INGELHEIM,"Ingelheim am Rhein",2
JULICH,Juliers,2
"KAMP BORNHOFEN",Kamp-Bornhofen,2
KAPPEL,Kappeln,2
KARLSRUHE,Carlsruhe,2
KIRCHEN,"Kirchen (Sieg)",2
KLEINBLITTERSDORF,Kleinbliederstroff,2
KOBLENZ,Coblence,2
KOLN,Cologne,2
LANDAU,"Landau in der Pfalz",2
"KONIGSTEIN IM TAUNUS (HESSE)","Konigstein im Taunus",2
KONSTANZ,Constance,2
"KREFELD (RHENANIE DU NORD WESTPHALIE)",Krefeld,2
"BAD KREUZNACH","Landkreis Bad Kreuznach",2
KRONBERG,"Kronberg im Taunus",2
KROZINGEN,Krotzingue-les-Bains,2
KRUMBACH,"Krumbach (Schwaben)",2
"LAMBRECHT 6734",Lambrecht,2
"LAMBRECHT 7634",Lambrecht,2
LANGENBERG,Languimberg,2
LAUENBURG,Lauenburg/Elbe,2
LAUFFEN,"Lauffen (Neckar)",2
LAUFENBURG,"Laufenburg (Baden)",2
"LICHTENAU 7414",Lichtenau,2
"LICHTENAU 7585",Lichtenau,2
LINDAU,"Lindau (Bodensee)",2
LIMBURG,Limbourg,2
"LIPPSPRINGE (BAD)","Bad Lippspringe",2
LOF,"le fu Lok Fu",2
"LORCH 6223",Lorch,2
"LORCH 7073",Lorch,2
LUDWIGSHAFEN,"Ludwigshafen am Rhein",2
LUNEBURG,Lunebourg,2
LUDWIGSBURG,Ludwigsbourg,2
MAGDEBURG,Magdebourg,2
"MARIENBERG (BAD)","Bad Marienberg (Westerwald)",2
MARIENBURG,Malbork,2
MENDEN,"Menden (Sauerland)",2
"MERGENTHEIM (BAD)","Bad Mergentheim",2
MERZIG,Mercy,2
MERZWEILER,Mertzwiller,2
MONSCHAU,Montjoie,2
MONREAL,Monreal/Elo,2
"MULHEIM AN DER RUHR (RHENANIE NORD WESTPHALIE)","Mulheim an der Ruhr",2
"MUHLDORF AM INN","Muhldorf a. Inn",2
"MULHEIM KARLICH (RHENANIE PALATINAT)",Mulheim-Karlich,2
"MULLHEIM BADEN","Mullheim im Markgraflerland",2
MUNCHEN,Munich,2
"MUNSTER 3042",Munster,2
"BAD MUNSTER","Bad Munster am Stein-Ebernburg",2
"MUNSTER 4400",4400,2
MURNAU,"Murnau am Staffelsee",2
"BAD NASSAU",Nassau,2
"NAUHEIM (BAD)","Bad Nauheim",2
NAUMBURG,Naumbourg,2
NINFA,"Oasi di Ninfa",10
GENOVA,Genes,6
NEUENBURG,Neufchateau,2
NEUSTADT,"Neustadt an der Weinstrasse",2
"NEUENAHR (BAD)","Bad Neuenahr-Ahrweiler",2
NEUFAHRN,"Neufahrn bei Freising",2
"NEU ISENBURG",Neu-Isenburg,2
NEUNKIRCHEN,Neunkirchen-les-Bouzonville,2
"NEURIED ORTENAU",Ortenaustrasse,2
"NEUSTADT IN HOLSTEIN","Neustadt en Holstein",2
"NEUSTADT WEINSTRASSE","Neustadt (Weinstrasse) Hauptbahnhof",2
"NEU ULM",Nouvelle-Ulm,2
"NIEDER OLM",Nieder-Olm,2
NURNBERG,Nuremberg,2
"NURTINGEN 7440",Nurtingen,2
"NURTINGEN 8000",Nurtingen,2
OBERNDORF,"Oberndorf am Neckar",2
"OBER OLM",Ober-Olm,2
"OESTRICH WINKEL",Oestrich-Winkel,2
OETIGHEIM,Otigheim,2
OFFENBACH,Offenbach-sur-le-Main,2
OFFENBURG,Offenbourg,2
"OLDESLOE (BAD)","Bad Oldesloe",2
"ORB (BAD)","Bad Orb",2
OSTERODE,Ostroda,2
PAHL,"Huslia Airport",2
PEINE,"Peine (arrondissement)",2
"PLOCHINGEN (BADE WURTEMBERG)",Plochingen,2
PLOEN,"Kreis Plon",2
POMMERN,"Voivodie de Pomeranie",2
PRIEN,"Prien am Chiemsee",2
PUTTLINGEN,Puttelange-les-Thionville,2
"PYRMONT (BAD)","Bad Pyrmont",2
RADOLFZELL,"Radolfzell am Bodensee",2
RAMSAU,"Ramsau am Dachstein",2
REGENSBURG,Ratisbonne,2
"REHLINGEN SIERSBURG",Rehling-Sierbourg,2
"REICHENHALL (BAD)","Bad Reichenhall",2
RHEINAU,Rhinau,2
